cCiType;cCiSubType;cFKpurpose;cFKoperationSrv;cFKITSystemGK;cVendor;cModelName;SerialNo;cFKPartNumber;cFKidnumber;cFKInventoryNumber;cFKunit;iFKfloor;cFKroom;cCupboard;cLocation;dept;cMaterial;admin;cStatus;cArea;cGroup;cGarSupplier;cContractSuppName;cNameByContractSupp;dGarSupTerm;dGarDevTerm;cGarYear;cPostGatContr;cContractGuaranteeName;dPostGarContrUp1;cContractModernName;dModYearUpg1;cModContrUpg1;cContractModern2Name;dModYearUpg2;cModContrUpg2;lCPUSpeedMHz;lCPUNumber;lNumCorePerCPU;Activated;RAMVolumeFK;ram.slots.amount;ram.slots.used.amount;hdType1;hdQuantity1;hdVolume1;hdType2;hdQuantity2;hdVolume2;hdType3;hdQuantity3;hdVolume3;hdFreeSlots;IFKPower;CopperAll;CopperUsed;OpticAll;OptecUsed;cFKsobol;TcpIpHostName;TcpIpAddress;TcpIpMaskFK;TcpIpGateway;PhysicalAddress;FKctrlHost;FKctrlIP;FKctrlMask;FKctrlDomain;FKctrlMAC;cFKtofk;cUser;bUseCupboard;cCity;iLoadNum;cParentModelName;cAdmin;cStore;cNatureName
Серверное оборудование;Сервер x86;;;ЕОИ;Yadro;Yadro VEGMAN R120;020822000D;;9900-01-001584 СУЭ;;;1;Маш. зал 2;9907(2RF20.05);г Городец, ул Речников, д14;ЦОКР;;;Используется;КК;;;ФКУ0091/03/2022/ЭЦИ;Сервер ЕОИ № 1 Тип 1;05.09.2027;05.09.2027;2022;;;;;;;;;;2200;2;48;1;262144;24;8;SATA;4;480;;;;;;;6;590;4;1;4;4;;;;;;;GRD-KK-RACK029;10.140.229.170;255.255.252.0;10.140.231.254;;99;0;1;;999;Сервер х86;Куратор не присвоен;0;Computer
Серверное оборудование;Сервер x86;;;ЕОИ;Yadro;Yadro VEGMAN R120;208220015;;9900-01-001585 СУЭ;;;1;Маш. зал 2;9907(2RF20.05);г Городец, ул Речников, д14;ЦОКР;;;Используется;КК;;;ФКУ0091/03/2022/ЭЦИ;Сервер ЕОИ № 1 Тип 1;05.09.2027;05.09.2027;2022;;;;;;;;;;2200;2;48;1;262144;24;8;SATA;4;480;;;;;;;6;590;4;1;4;4;;;;;;;GRD-KK-RACK030;10.140.229.171;255.255.252.0;10.140.231.254;;99;0;1;;999;Сервер х86;Куратор не присвоен;0;Computer
Серверное оборудование;Сервер x86;;;ЕОИ;Yadro;Yadro VEGMAN R120;208220014;;9900-01-001586 СУЭ;;;1;Маш. зал 2;9907(2RF20.01);г Городец, ул Речников, д14;ЦОКР;;;Используется;КК;;;ФКУ0091/03/2022/ЭЦИ;Сервер ЕОИ № 1 Тип 1;05.09.2027;05.09.2027;2022;;;;;;;;;;2200;2;48;1;262144;24;8;SATA;4;480;;;;;;;6;590;4;1;4;4;;;;;;;GRD-KK-RACK031;10.140.229.172;255.255.252.0;10.140.231.254;;99;0;1;;999;Сервер х86;Куратор не присвоен;0;Computer
Серверное оборудование;Сервер x86;;;ЕОИ;Yadro;Yadro VEGMAN R120;208220018;;9900-01-001587 СУЭ;;;1;Маш. зал 2;9907(2RF20.01);г Городец, ул Речников, д14;ЦОКР;;;Используется;КК;;;ФКУ0091/03/2022/ЭЦИ;Сервер ЕОИ № 1 Тип 1;05.09.2027;05.09.2027;2022;;;;;;;;;;2200;2;48;1;262144;24;8;SATA;4;480;;;;;;;6;590;4;1;4;4;;;;;;;GRD-KK-RACK040;10.140.229.181;255.255.252.0;10.140.231.254;;99;0;1;;999;Сервер х86;Куратор не присвоен;0;Computer
Серверное оборудование;Сервер x86;;;ЕОИ;Yadro;Yadro VEGMAN R120;020822000B ;;9900-01-001588 СУЭ;;;1;Маш. зал 2;9507(2RF08.07);г. Дубна, ул. Технологическая, д. 2;ЦОКР;;;Используется;КК;;;ФКУ0091/03/2022/ЭЦИ;Сервер ЕОИ № 1 Тип 1;05.09.2027;05.09.2027;2022;;;;;;;;;;2200;2;48;1;262144;24;8;SATA;4;480;;;;;;;6;590;4;1;4;4;;;;;;;GRD-KK-RACK041;10.140.229.182;255.255.252.0;10.140.231.254;;99;0;1;;999;Сервер х86;Куратор не присвоен;0;Computer
Серверное оборудование;Сервер x86;;;ЕОИ;Yadro;Yadro VEGMAN R120;208220016;;9900-01-001589 СУЭ;;;1;Маш. зал 2;9507(2RF08.07);г. Дубна, ул. Технологическая, д. 2;ЦОКР;;;Используется;КК;;;ФКУ0091/03/2022/ЭЦИ;Сервер ЕОИ № 1 Тип 1;05.09.2027;05.09.2027;2022;;;;;;;;;;2200;2;48;1;262144;24;8;SATA;4;480;;;;;;;6;590;4;1;4;4;;;;;;;GRD-KK-RACK100;10.140.229.241;255.255.252.0;10.140.231.254;;99;0;1;;999;Сервер х86;Куратор не присвоен;0;Computer
Серверное оборудование;Сервер x86;;;ЕОИ;Yadro;Yadro VEGMAN R120;020822001E ;;9900-01-001590 СУЭ;;;1;Маш. зал 2;9907(2RF20.05);г Городец, ул Речников, д14;ЦОКР;;;Используется;КК;;;ФКУ0091/03/2022/ЭЦИ;Сервер ЕОИ № 1 Тип 1;05.09.2027;05.09.2027;2022;;;;;;;;;;2200;2;48;1;262144;24;8;SATA;4;480;;;;;;;6;590;4;1;4;4;;;;;;;GRD-KK-RACK101;10.140.229.242;255.255.252.0;10.140.231.254;;99;0;1;;999;Сервер х86;Куратор не присвоен;0;Computer
Серверное оборудование;Сервер x86;;;ЕОИ;Yadro;Yadro VEGMAN R120;208220017;;9900-01-001591 СУЭ;;;1;Маш. зал 2;9507(2RF08.07);г. Дубна, ул. Технологическая, д. 2;ЦОКР;;;Используется;КК;;;ФКУ0091/03/2022/ЭЦИ;Сервер ЕОИ № 1 Тип 1;05.09.2027;05.09.2027;2022;;;;;;;;;;2200;2;48;1;262144;24;8;SATA;4;480;;;;;;;6;590;4;1;4;4;;;;;;;GRD-KK-RACK102;10.140.229.243;255.255.252.0;10.140.231.254;;99;0;1;;999;Сервер х86;Куратор не присвоен;0;Computer
Серверное оборудование;Сервер x86;;;ЕОИ;Yadro;Yadro VEGMAN R120;208220024;;9900-01-001592 СУЭ;;;1;Маш. зал 2;9907(2RF20.01);г Городец, ул Речников, д14;ЦОКР;;;Используется;КК;;;ФКУ0091/03/2022/ЭЦИ;Сервер ЕОИ № 2 Тип 1;05.09.2027;05.09.2027;2022;;;;;;;;;;2200;2;48;1;524288;24;16;SATA;4;480;;;;;;;6;604;4;1;4;4;;;;;;;GRD-KK-RACK032;10.140.229.173;255.255.252.0;10.140.231.254;;99;0;1;;999;Сервер х86;Куратор не присвоен;0;Computer
Серверное оборудование;Сервер x86;;;ЕОИ;Yadro;Yadro VEGMAN R120;208220025;;9900-01-001593 СУЭ;;;1;Маш. зал 2;9507(2RF08.07);г. Дубна, ул. Технологическая, д. 2;ЦОКР;;;Используется;КК;;;ФКУ0091/03/2022/ЭЦИ;Сервер ЕОИ № 2 Тип 1;05.09.2027;05.09.2027;2022;;;;;;;;;;2200;2;48;1;524288;24;16;SATA;4;480;;;;;;;6;604;4;1;4;4;;;;;;;GRD-KK-RACK033;10.140.229.174;255.255.252.0;10.140.231.254;;99;0;1;;999;Сервер х86;Куратор не присвоен;0;Computer
Серверное оборудование;Сервер x86;;;ЕОИ;Yadro;Yadro VEGMAN R120;208220023;;9900-01-001594 СУЭ;;;1;Маш. зал 2;9907(2RF20.01);г Городец, ул Речников, д14;ЦОКР;;;Используется;КК;;;ФКУ0091/03/2022/ЭЦИ;Сервер ЕОИ № 2 Тип 1;05.09.2027;05.09.2027;2022;;;;;;;;;;2200;2;48;1;524288;24;16;SATA;4;480;;;;;;;6;604;4;1;4;4;;;;;;;GRD-KK-RACK034;10.140.229.175;255.255.252.0;10.140.231.254;;99;0;1;;999;Сервер х86;Куратор не присвоен;0;Computer
Серверное оборудование;Сервер x86;;;ЕОИ;Yadro;Yadro VEGMAN R120;208220032;;9900-01-001595 СУЭ;;;1;Маш. зал 2;9907(2RF20.03);г Городец, ул Речников, д14;ЦОКР;;;Используется;КК;;;ФКУ0091/03/2022/ЭЦИ;Сервер ЕОИ № 2 Тип 1;05.09.2027;05.09.2027;2022;;;;;;;;;;2200;2;48;1;524288;24;16;SATA;4;480;;;;;;;6;604;4;1;4;4;;;;;;;GRD-KK-RACK035;10.140.229.176;255.255.252.0;10.140.231.254;;99;0;1;;999;Сервер х86;Куратор не присвоен;0;Computer
Серверное оборудование;Сервер x86;;;ЕОИ;Yadro;Yadro VEGMAN R120;208220030;;9900-01-001596 СУЭ;;;1;Маш. зал 2;9507(2RF08.07);г. Дубна, ул. Технологическая, д. 2;ЦОКР;;;Используется;КК;;;ФКУ0091/03/2022/ЭЦИ;Сервер ЕОИ № 2 Тип 1;05.09.2027;05.09.2027;2022;;;;;;;;;;2200;2;48;1;524288;24;16;SATA;4;480;;;;;;;6;604;4;1;4;4;;;;;;;GRD-KK-RACK042;10.140.229.183;255.255.252.0;10.140.231.254;;99;0;1;;999;Сервер х86;Куратор не присвоен;0;Computer
Серверное оборудование;Сервер x86;;;ЕОИ;Yadro;Yadro VEGMAN R120;208220029;;9900-01-001597 СУЭ;;;1;Маш. зал 2;9907(2RF20.03);г Городец, ул Речников, д14;ЦОКР;;;Используется;КК;;;ФКУ0091/03/2022/ЭЦИ;Сервер ЕОИ № 2 Тип 1;05.09.2027;05.09.2027;2022;;;;;;;;;;2200;2;48;1;524288;24;16;SATA;4;480;;;;;;;6;604;4;1;4;4;;;;;;;GRD-KK-RACK043;10.140.229.184;255.255.252.0;10.140.231.254;;99;0;1;;999;Сервер х86;Куратор не присвоен;0;Computer
Серверное оборудование;Сервер x86;;;ЕОИ;Yadro;Yadro VEGMAN R120;208220027;;9900-01-001598 СУЭ;;;1;Маш. зал 2;9507(2RF08.07);г. Дубна, ул. Технологическая, д. 2;ЦОКР;;;Используется;КК;;;ФКУ0091/03/2022/ЭЦИ;Сервер ЕОИ № 2 Тип 1;05.09.2027;05.09.2027;2022;;;;;;;;;;2200;2;48;1;524288;24;16;SATA;4;480;;;;;;;6;604;4;1;4;4;;;;;;;GRD-KK-RACK044;10.140.229.185;255.255.252.0;10.140.231.254;;99;0;1;;999;Сервер х86;Куратор не присвоен;0;Computer
Серверное оборудование;Сервер x86;;;ЕОИ;Yadro;Yadro VEGMAN R120;208220026;;9900-01-001599 СУЭ;;;1;Маш. зал 2;9907(2RF20.03);г Городец, ул Речников, д14;ЦОКР;;;Используется;КК;;;ФКУ0091/03/2022/ЭЦИ;Сервер ЕОИ № 2 Тип 1;05.09.2027;05.09.2027;2022;;;;;;;;;;2200;2;48;1;524288;24;16;SATA;4;480;;;;;;;6;604;4;1;4;4;;;;;;;GRD-KK-RACK092;10.140.229.233;255.255.252.0;10.140.231.254;;99;0;1;;999;Сервер х86;Куратор не присвоен;0;Computer
Серверное оборудование;Сервер x86;;;ЕОИ;Yadro;Yadro VEGMAN R120;208220031;;9900-01-001600 СУЭ;;;1;Маш. зал 2;9907(2RF20.01);г Городец, ул Речников, д14;ЦОКР;;;Используется;КК;;;ФКУ0091/03/2022/ЭЦИ;Сервер ЕОИ № 2 Тип 1;05.09.2027;05.09.2027;2022;;;;;;;;;;2200;2;48;1;524288;24;16;SATA;4;480;;;;;;;6;604;4;1;4;4;;;;;;;GRD-KK-RACK093;10.140.229.234;255.255.252.0;10.140.231.254;;99;0;1;;999;Сервер х86;Куратор не присвоен;0;Computer
Серверное оборудование;Сервер x86;;;ЕОИ;Yadro;Yadro VEGMAN R120;020822002E;;9900-01-001601 СУЭ;;;1;Маш. зал 2;9507(2RF08.07);г. Дубна, ул. Технологическая, д. 2;ЦОКР;;;Используется;КК;;;ФКУ0091/03/2022/ЭЦИ;Сервер ЕОИ № 2 Тип 1;05.09.2027;05.09.2027;2022;;;;;;;;;;2200;2;48;1;524288;24;16;SATA;4;480;;;;;;;6;604;4;1;4;4;;;;;;;GRD-KK-RACK094;10.140.229.235;255.255.252.0;10.140.231.254;;99;0;1;;999;Сервер х86;Куратор не присвоен;0;Computer
Серверное оборудование;Сервер x86;;;ЕОИ;Yadro;Yadro VEGMAN R120;208220028;;9900-01-001602 СУЭ;;;1;Маш. зал 2;9907(2RF20.03);г Городец, ул Речников, д14;ЦОКР;;;Используется;КК;;;ФКУ0091/03/2022/ЭЦИ;Сервер ЕОИ № 2 Тип 1;05.09.2027;05.09.2027;2022;;;;;;;;;;2200;2;48;1;524288;24;16;SATA;4;480;;;;;;;6;604;4;1;4;4;;;;;;;GRD-KK-RACK095;10.140.229.236;255.255.252.0;10.140.231.254;;99;0;1;;999;Сервер х86;Куратор не присвоен;0;Computer
Серверное оборудование;Сервер x86;;;ЕОИ;Yadro;Yadro VEGMAN R120;020822004B;;9900-01-001603 СУЭ;;;1;Маш. зал 2;9907(2RF20.01);г Городец, ул Речников, д14;ЦОКР;;;Используется;КК;;;ФКУ0091/03/2022/ЭЦИ;Сервер ЕОИ № 1 Тип 2;05.09.2027;05.09.2027;2022;;;;;;;;;;2200;2;48;1;262144;24;8;SATA;4;480;NVME;8;7680;;;;0;685;4;1;2;2;;;;;;;GRD-KK-RACK036;10.140.229.177;255.255.252.0;10.140.231.254;;99;0;1;;999;Сервер х86;Куратор не присвоен;0;Computer
Серверное оборудование;Сервер x86;;;ЕОИ;Yadro;Yadro VEGMAN R120;208220055;;9900-01-001604 СУЭ;;;1;Маш. зал 2;9907(2RF20.01);г Городец, ул Речников, д14;ЦОКР;;;Используется;КК;;;ФКУ0091/03/2022/ЭЦИ;Сервер ЕОИ № 1 Тип 2;05.09.2027;05.09.2027;2022;;;;;;;;;;2200;2;48;1;262144;24;8;SATA;4;480;NVME;8;7680;;;;0;685;4;1;2;2;;;;;;;GRD-KK-RACK037;10.140.229.178;255.255.252.0;10.140.231.254;;99;0;1;;999;Сервер х86;Куратор не присвоен;0;Computer
Серверное оборудование;Сервер x86;;;ЕОИ;Yadro;Yadro VEGMAN R120;020822003D ;;9900-01-001605 СУЭ;;;1;Маш. зал 2;9507(2RF08.07);г. Дубна, ул. Технологическая, д. 2;ЦОКР;;;Используется;КК;;;ФКУ0091/03/2022/ЭЦИ;Сервер ЕОИ № 1 Тип 2;05.09.2027;05.09.2027;2022;;;;;;;;;;2200;2;48;1;262144;24;8;SATA;4;480;NVME;8;7680;;;;0;685;4;1;2;2;;;;;;;GRD-KK-RACK038;10.140.229.179;255.255.252.0;10.140.231.254;;99;0;1;;999;Сервер х86;Куратор не присвоен;0;Computer
Серверное оборудование;Сервер x86;;;ЕОИ;Yadro;Yadro VEGMAN R120;020822003F ;;9900-01-001606 СУЭ;;;1;Маш. зал 2;9907(2RF20.03);г Городец, ул Речников, д14;ЦОКР;;;Используется;КК;;;ФКУ0091/03/2022/ЭЦИ;Сервер ЕОИ № 1 Тип 2;05.09.2027;05.09.2027;2022;;;;;;;;;;2200;2;48;1;262144;24;8;SATA;4;480;NVME;8;7680;;;;0;685;4;1;2;2;;;;;;;GRD-KK-RACK039;10.140.229.180;255.255.252.0;10.140.231.254;;99;0;1;;999;Сервер х86;Куратор не присвоен;0;Computer
Серверное оборудование;Сервер x86;;;ЕОИ;Yadro;Yadro VEGMAN R120;208220040;;9900-01-001607 СУЭ;;;1;Маш. зал 2;9507(2RF08.07);г. Дубна, ул. Технологическая, д. 2;ЦОКР;;;Используется;КК;;;ФКУ0091/03/2022/ЭЦИ;Сервер ЕОИ № 1 Тип 2;05.09.2027;05.09.2027;2022;;;;;;;;;;2200;2;48;1;262144;24;8;SATA;4;480;NVME;8;7680;;;;0;685;4;1;2;2;;;;;;;GRD-KK-RACK045;10.140.229.186;255.255.252.0;10.140.231.254;;99;0;1;;999;Сервер х86;Куратор не присвоен;0;Computer
Серверное оборудование;Сервер x86;;;ЕОИ;Yadro;Yadro VEGMAN R120;208220058;;9900-01-001608 СУЭ;;;1;Маш. зал 2;9907(2RF20.03);г Городец, ул Речников, д14;ЦОКР;;;Используется;КК;;;ФКУ0091/03/2022/ЭЦИ;Сервер ЕОИ № 1 Тип 2;05.09.2027;05.09.2027;2022;;;;;;;;;;2200;2;48;1;262144;24;8;SATA;4;480;NVME;8;7680;;;;0;685;4;1;2;2;;;;;;;GRD-KK-RACK046;10.140.229.187;255.255.252.0;10.140.231.254;;99;0;1;;999;Сервер х86;Куратор не присвоен;0;Computer
Серверное оборудование;Сервер x86;;;ЕОИ;Yadro;Yadro VEGMAN R120;208220059;;9900-01-001609 СУЭ;;;1;Маш. зал 2;9507(2RF08.07);г. Дубна, ул. Технологическая, д. 2;ЦОКР;;;Используется;КК;;;ФКУ0091/03/2022/ЭЦИ;Сервер ЕОИ № 1 Тип 2;05.09.2027;05.09.2027;2022;;;;;;;;;;2200;2;48;1;262144;24;8;SATA;4;480;NVME;8;7680;;;;0;685;4;1;2;2;;;;;;;GRD-KK-RACK096;10.140.229.237;255.255.252.0;10.140.231.254;;99;0;1;;999;Сервер х86;Куратор не присвоен;0;Computer
Серверное оборудование;Сервер x86;;;ЕОИ;Yadro;Yadro VEGMAN R120;020822004C ;;9900-01-001610 СУЭ;;;1;Маш. зал 2;9507(2RF08.07);г. Дубна, ул. Технологическая, д. 2;ЦОКР;;;Используется;КК;;;ФКУ0091/03/2022/ЭЦИ;Сервер ЕОИ № 1 Тип 2;05.09.2027;05.09.2027;2022;;;;;;;;;;2200;2;48;1;262144;24;8;SATA;4;480;NVME;8;7680;;;;0;685;4;1;2;2;;;;;;;GRD-KK-RACK097;10.140.229.238;255.255.252.0;10.140.231.254;;99;0;1;;999;Сервер х86;Куратор не присвоен;0;Computer
Серверное оборудование;Сервер x86;;;ЕОИ;Yadro;Yadro VEGMAN R120;020822004D ;;9900-01-001611 СУЭ;;;1;Маш. зал 2;9907(2RF20.03);г Городец, ул Речников, д14;ЦОКР;;;Используется;КК;;;ФКУ0091/03/2022/ЭЦИ;Сервер ЕОИ № 1 Тип 2;05.09.2027;05.09.2027;2022;;;;;;;;;;2200;2;48;1;262144;24;8;SATA;4;480;NVME;8;7680;;;;0;685;4;1;2;2;;;;;;;GRD-KK-RACK098;10.140.229.239;255.255.252.0;10.140.231.254;;99;0;1;;999;Сервер х86;Куратор не присвоен;0;Computer
Серверное оборудование;Сервер x86;;;ЕОИ;Yadro;Yadro VEGMAN R120;020822003E ;;9900-01-001612 СУЭ;;;1;Маш. зал 2;9907(2RF20.03);г Городец, ул Речников, д14;ЦОКР;;;Используется;КК;;;ФКУ0091/03/2022/ЭЦИ;Сервер ЕОИ № 1 Тип 2;05.09.2027;05.09.2027;2022;;;;;;;;;;2200;2;48;1;262144;24;8;SATA;4;480;NVME;8;7680;;;;0;685;4;1;2;2;;;;;;;GRD-KK-RACK099;10.140.229.240;255.255.252.0;10.140.231.254;;99;0;1;;999;Сервер х86;Куратор не присвоен;0;Computer
Серверное оборудование;Сервер x86;;;ЕОИ;Yadro;Yadro VEGMAN R120;208220056;;9900-01-001613 СУЭ;;;1;Маш. зал 2;9507(2RF08.07);г. Дубна, ул. Технологическая, д. 2;ЦОКР;;;Используется;КК;;;ФКУ0091/03/2022/ЭЦИ;Сервер ЕОИ № 1 Тип 2;05.09.2027;05.09.2027;2022;;;;;;;;;;2200;2;48;1;262144;24;8;SATA;4;480;NVME;8;7680;;;;0;685;4;1;2;2;;;;;;;GRD-KK-RACK103;10.140.229.244;255.255.252.0;10.140.231.254;;99;0;1;;999;Сервер х86;Куратор не присвоен;0;Computer
Серверное оборудование;Сервер x86;;;ЕОИ;Yadro;Yadro VEGMAN S220;205220671;;9900-01-001614 СУЭ;;;1;Маш. зал 2;9907(2RF23.10);г Городец, ул Речников, д14;ЦОКР;;;Используется;КК;;;ФКУ0091/03/2022/ЭЦИ;Сервер ЕОИ № 2 Тип 2;05.09.2027;05.09.2027;2022;;;;;;;;;;2200;2;48;1;524288;12;8;SATA;2;480;NL-SAS;10;10000;;;;0;728;4;1;2;2;;;;;;;GRD-KK-RACK104;10.140.229.245;255.255.252.0;10.140.231.254;;99;0;1;;999;Сервер х86;Куратор не присвоен;0;Computer
Серверное оборудование;Сервер x86;;;ЕОИ;Yadro;Yadro VEGMAN S220;020522066F;;9900-01-001615 СУЭ;;;1;Маш. зал 2;9907(2RF23.10);г Городец, ул Речников, д14;ЦОКР;;;Используется;КК;;;ФКУ0091/03/2022/ЭЦИ;Сервер ЕОИ № 2 Тип 2;05.09.2027;05.09.2027;2022;;;;;;;;;;2200;2;48;1;524288;12;8;SATA;2;480;NL-SAS;10;10000;;;;0;728;4;1;2;2;;;;;;;GRD-KK-RACK105;10.140.229.246;255.255.252.0;10.140.231.254;;99;0;1;;999;Сервер х86;Куратор не присвоен;0;Computer
Серверное оборудование;Сервер x86;;;ЕОИ;Yadro;Yadro VEGMAN S220;020522066D;;9900-01-001616 СУЭ;;;1;Маш. зал 2;9907(2RF23.09);г Городец, ул Речников, д14;ЦОКР;;;Используется;КК;;;ФКУ0091/03/2022/ЭЦИ;Сервер ЕОИ № 2 Тип 2;05.09.2027;05.09.2027;2022;;;;;;;;;;2200;2;48;1;524288;12;8;SATA;2;480;NL-SAS;10;10000;;;;0;728;4;1;2;2;;;;;;;GRD-KK-RACK106;10.140.229.247;255.255.252.0;10.140.231.254;;99;0;1;;999;Сервер х86;Куратор не присвоен;0;Computer
Серверное оборудование;Сервер x86;;;ЕОИ;Yadro;Yadro VEGMAN S220;205220670;;9900-01-001617 СУЭ;;;1;Маш. зал 2;9907(2RF23.09);г Городец, ул Речников, д14;ЦОКР;;;Используется;КК;;;ФКУ0091/03/2022/ЭЦИ;Сервер ЕОИ № 2 Тип 2;05.09.2027;05.09.2027;2022;;;;;;;;;;2200;2;48;1;524288;12;8;SATA;2;480;NL-SAS;10;10000;;;;0;728;4;1;2;2;;;;;;;GRD-KK-RACK107;10.140.229.248;255.255.252.0;10.140.231.254;;99;0;1;;999;Сервер х86;Куратор не присвоен;0;Computer
Серверное оборудование;Сервер x86;;;ЕОИ;Yadro;Yadro VEGMAN S220;020522066E;;9900-01-001618 СУЭ;;;1;Маш. зал 2;9907(2RF23.09);г Городец, ул Речников, д14;ЦОКР;;;Используется;КК;;;ФКУ0091/03/2022/ЭЦИ;Сервер ЕОИ № 2 Тип 2;05.09.2027;05.09.2027;2022;;;;;;;;;;2200;2;48;1;524288;12;8;SATA;2;480;NL-SAS;10;10000;;;;0;728;4;1;2;2;;;;;;;GRD-KK-RACK108;10.140.229.249;255.255.252.0;10.140.231.254;;99;0;1;;999;Сервер х86;Куратор не присвоен;0;Computer
Серверное оборудование;Сервер x86;;;ЕОИ;Yadro;Yadro VEGMAN S220;020522066B;;9900-01-001619 СУЭ;;;1;Маш. зал 2;9907(2RF23.09);г Городец, ул Речников, д14;ЦОКР;;;Используется;КК;;;ФКУ0091/03/2022/ЭЦИ;Сервер ЕОИ № 2 Тип 2;05.09.2027;05.09.2027;2022;;;;;;;;;;2200;2;48;1;524288;12;8;SATA;2;480;NL-SAS;10;10000;;;;0;728;4;1;2;2;;;;;;;GRD-KK-RACK109;10.140.229.250;255.255.252.0;10.140.231.254;;99;0;1;;999;Сервер х86;Куратор не присвоен;0;Computer
Серверное оборудование;Сервер x86;;;ЕОИ;Yadro;Yadro VEGMAN S220;020522066A;;9900-01-001620 СУЭ;;;1;Маш. зал 2;9907(2RF23.10);г Городец, ул Речников, д14;ЦОКР;;;Используется;КК;;;ФКУ0091/03/2022/ЭЦИ;Сервер ЕОИ № 2 Тип 2;05.09.2027;05.09.2027;2022;;;;;;;;;;2200;2;48;1;524288;12;8;SATA;2;480;NL-SAS;10;10000;;;;0;728;4;1;2;2;;;;;;;GRD-KK-RACK110;10.140.229.251;255.255.252.0;10.140.231.254;;99;0;1;;999;Сервер х86;Куратор не присвоен;0;Computer
Серверное оборудование;Сервер x86;;;ЕОИ;Yadro;Yadro VEGMAN S220;020522066C;;9900-01-001621 СУЭ;;;1;Маш. зал 2;9907(2RF23.10);г Городец, ул Речников, д14;ЦОКР;;;Используется;КК;;;ФКУ0091/03/2022/ЭЦИ;Сервер ЕОИ № 2 Тип 2;05.09.2027;05.09.2027;2022;;;;;;;;;;2200;2;48;1;524288;12;8;SATA;2;480;NL-SAS;10;10000;;;;0;728;4;1;2;2;;;;;;;GRD-KK-RACK111;10.140.229.252;255.255.252.0;10.140.231.254;;99;0;1;;999;Сервер х86;Куратор не присвоен;0;Computer
Серверное оборудование;Сервер x86;;;ЕОИ;Yadro;Yadro VEGMAN S220;205220672;;9900-01-001622 СУЭ;;;1;Маш. зал 2;9907(2RF23.10);г Городец, ул Речников, д14;ЦОКР;;;Используется;КК;;;ФКУ0091/03/2022/ЭЦИ;Сервер ЕОИ № 2 Тип 2;05.09.2027;05.09.2027;2022;;;;;;;;;;2200;2;48;1;524288;12;8;SATA;2;480;NL-SAS;10;10000;;;;0;728;4;1;2;2;;;;;;;GRD-KK-RACK112;10.140.229.253;255.255.252.0;10.140.231.254;;99;0;1;;999;Сервер х86;Куратор не присвоен;0;Computer
Серверное оборудование;Сервер x86;;;ЕОИ;Yadro;Yadro VEGMAN S220;205220668;;9900-01-001623 СУЭ;;;1;Маш. зал 2;9907(2RF23.09);г Городец, ул Речников, д14;ЦОКР;;;Используется;КК;;;ФКУ0091/03/2022/ЭЦИ;Сервер ЕОИ № 2 Тип 2;05.09.2027;05.09.2027;2022;;;;;;;;;;2200;2;48;1;524288;12;8;SATA;2;480;NL-SAS;10;10000;;;;0;728;4;1;2;2;;;;;;;GRD-KK-RACK113;10.140.229.254;255.255.252.0;10.140.231.254;;99;0;1;;999;Сервер х86;Куратор не присвоен;0;Computer
Серверное оборудование;Сервер x86;;;ЕОИ;Аквариус;Аквариус  T50 D110СF;2220627002102-0001;;9900-01-001624 СУЭ;;;1;Маш. зал 2;9907(2RF23.07);г Городец, ул Речников, д14;ЦОКР;;;Используется;КК;;;ФКУ0091/03/2022/ЭЦИ;Сервер ЕОИ № 2 Тип 3;05.09.2027;05.09.2027;2022;;;;;;;;;;2400;2;48;1;1048576;12;16;SATA;2;480;;;;;;;0;505;1;1;4;4;;;;;;;;;;;;99;0;1;;999;Сервер х86;Куратор не присвоен;0;Computer
Серверное оборудование;Сервер x86;;;ЕОИ;Аквариус;Аквариус  T50 D110СF;2220627002102-0002;;9900-01-001625 СУЭ;;;1;Маш. зал 2;9907(2RF23.07);г Городец, ул Речников, д14;ЦОКР;;;Используется;КК;;;ФКУ0091/03/2022/ЭЦИ;Сервер ЕОИ № 2 Тип 3;05.09.2027;05.09.2027;2022;;;;;;;;;;2400;2;48;1;1048576;12;16;SATA;2;480;;;;;;;0;505;1;1;4;4;;;;;;;;;;;;99;0;1;;999;Сервер х86;Куратор не присвоен;0;Computer
Серверное оборудование;Сервер x86;;;ЕОИ;Аквариус;Аквариус  T50 D110СF;2220627002102-0003;;9900-01-001626 СУЭ;;;1;Маш. зал 2;9907(2RF23.07);г Городец, ул Речников, д14;ЦОКР;;;Используется;КК;;;ФКУ0091/03/2022/ЭЦИ;Сервер ЕОИ № 2 Тип 3;05.09.2027;05.09.2027;2022;;;;;;;;;;2400;2;48;1;1048576;12;16;SATA;2;480;;;;;;;0;505;1;1;4;4;;;;;;;;;;;;99;0;1;;999;Сервер х86;Куратор не присвоен;0;Computer
Серверное оборудование;Сервер x86;;;ЕОИ;Аквариус;Аквариус  T50 D110СF;2220627002102-0004;;9900-01-001627 СУЭ;;;1;Маш. зал 2;9907(2RF23.04);г Городец, ул Речников, д14;ЦОКР;;;Используется;КК;;;ФКУ0091/03/2022/ЭЦИ;Сервер ЕОИ № 2 Тип 3;05.09.2027;05.09.2027;2022;;;;;;;;;;2400;2;48;1;1048576;12;16;SATA;2;480;;;;;;;0;505;1;1;4;4;;;;;;;;;;;;99;0;1;;999;Сервер х86;Куратор не присвоен;0;Computer
Серверное оборудование;Сервер x86;;;ЕОИ;Аквариус;Аквариус  T50 D110СF;2220627002102-0005;;9900-01-001628 СУЭ;;;1;Маш. зал 2;9907(2RF23.03);г Городец, ул Речников, д14;ЦОКР;;;Используется;КК;;;ФКУ0091/03/2022/ЭЦИ;Сервер ЕОИ № 2 Тип 3;05.09.2027;05.09.2027;2022;;;;;;;;;;2400;2;48;1;1048576;12;16;SATA;2;480;;;;;;;0;505;1;1;4;4;;;;;;;;;;;;99;0;1;;999;Сервер х86;Куратор не присвоен;0;Computer
Серверное оборудование;Сервер x86;;;ЕОИ;Аквариус;Аквариус  T50 D110СF;2220630002103-0010;;9900-01-001629 СУЭ;;;1;Маш. зал 2;9907(2RF23.05);г Городец, ул Речников, д14;ЦОКР;;;Используется;КК;;;ФКУ0091/03/2022/ЭЦИ;Сервер ЕОИ № 2 Тип 3;05.09.2027;05.09.2027;2022;;;;;;;;;;2400;2;48;1;1048576;12;16;SATA;2;480;;;;;;;0;505;1;1;4;4;;;;;;;;;;;;99;0;1;;999;Сервер х86;Куратор не присвоен;0;Computer
Серверное оборудование;Сервер x86;;;ЕОИ;Аквариус;Аквариус  T50 D110СF;2220630002103-0012;;9900-01-001630 СУЭ;;;1;Маш. зал 2;9907(2RF23.08);г Городец, ул Речников, д14;ЦОКР;;;Используется;КК;;;ФКУ0091/03/2022/ЭЦИ;Сервер ЕОИ № 2 Тип 3;05.09.2027;05.09.2027;2022;;;;;;;;;;2400;2;48;1;1048576;12;16;SATA;2;480;;;;;;;0;505;1;1;4;4;;;;;;;;;;;;99;0;1;;999;Сервер х86;Куратор не присвоен;0;Computer
Серверное оборудование;Сервер x86;;;ЕОИ;Аквариус;Аквариус  T50 D110СF;2220630002103-0013;;9900-01-001631 СУЭ;;;1;Маш. зал 2;9907(2RF23.03);г Городец, ул Речников, д14;ЦОКР;;;Используется;КК;;;ФКУ0091/03/2022/ЭЦИ;Сервер ЕОИ № 2 Тип 3;05.09.2027;05.09.2027;2022;;;;;;;;;;2400;2;48;1;1048576;12;16;SATA;2;480;;;;;;;0;505;1;1;4;4;;;;;;;;;;;;99;0;1;;999;Сервер х86;Куратор не присвоен;0;Computer
Серверное оборудование;Сервер x86;;;ЕОИ;Аквариус;Аквариус  T50 D110СF;2220630002103-0014;;9900-01-001632 СУЭ;;;1;Маш. зал 2;9907(2RF23.07);г Городец, ул Речников, д14;ЦОКР;;;Используется;КК;;;ФКУ0091/03/2022/ЭЦИ;Сервер ЕОИ № 2 Тип 3;05.09.2027;05.09.2027;2022;;;;;;;;;;2400;2;48;1;1048576;12;16;SATA;2;480;;;;;;;0;505;1;1;4;4;;;;;;;;;;;;99;0;1;;999;Сервер х86;Куратор не присвоен;0;Computer
Серверное оборудование;Сервер x86;;;ЕОИ;Аквариус;Аквариус  T50 D110СF;2220630002103-0015;;9900-01-001633 СУЭ;;;1;Маш. зал 2;9907(2RF23.05);г Городец, ул Речников, д14;ЦОКР;;;Используется;КК;;;ФКУ0091/03/2022/ЭЦИ;Сервер ЕОИ № 2 Тип 3;05.09.2027;05.09.2027;2022;;;;;;;;;;2400;2;48;1;1048576;12;16;SATA;2;480;;;;;;;0;505;1;1;4;4;;;;;;;;;;;;99;0;1;;999;Сервер х86;Куратор не присвоен;0;Computer
Серверное оборудование;Сервер x86;;;ЕОИ;Аквариус;Аквариус  T50 D110СF;2220630002103-0016;;9900-01-001634 СУЭ;;;1;Маш. зал 2;9907(2RF23.05);г Городец, ул Речников, д14;ЦОКР;;;Используется;КК;;;ФКУ0091/03/2022/ЭЦИ;Сервер ЕОИ № 2 Тип 3;05.09.2027;05.09.2027;2022;;;;;;;;;;2400;2;48;1;1048576;12;16;SATA;2;480;;;;;;;0;505;1;1;4;4;;;;;;;;;;;;99;0;1;;999;Сервер х86;Куратор не присвоен;0;Computer
Серверное оборудование;Сервер x86;;;ЕОИ;Аквариус;Аквариус  T50 D110СF;2220630002103-0017;;9900-01-001635 СУЭ;;;1;Маш. зал 2;9907(2RF23.03);г Городец, ул Речников, д14;ЦОКР;;;Используется;КК;;;ФКУ0091/03/2022/ЭЦИ;Сервер ЕОИ № 2 Тип 3;05.09.2027;05.09.2027;2022;;;;;;;;;;2400;2;48;1;1048576;12;16;SATA;2;480;;;;;;;0;505;1;1;4;4;;;;;;;;;;;;99;0;1;;999;Сервер х86;Куратор не присвоен;0;Computer
Серверное оборудование;Сервер x86;;;ЕОИ;Аквариус;Аквариус  T50 D110СF;2220630002103-0018;;9900-01-001636 СУЭ;;;1;Маш. зал 2;9907(2RF23.04);г Городец, ул Речников, д14;ЦОКР;;;Используется;КК;;;ФКУ0091/03/2022/ЭЦИ;Сервер ЕОИ № 2 Тип 3;05.09.2027;05.09.2027;2022;;;;;;;;;;2400;2;48;1;1048576;12;16;SATA;2;480;;;;;;;0;505;1;1;4;4;;;;;;;;;;;;99;0;1;;999;Сервер х86;Куратор не присвоен;0;Computer
Серверное оборудование;Сервер x86;;;ЕОИ;Аквариус;Аквариус  T50 D110СF;2220630002103-0019;;9900-01-001637 СУЭ;;;1;Маш. зал 2;9907(2RF23.04);г Городец, ул Речников, д14;ЦОКР;;;Используется;КК;;;ФКУ0091/03/2022/ЭЦИ;Сервер ЕОИ № 2 Тип 3;05.09.2027;05.09.2027;2022;;;;;;;;;;2400;2;48;1;1048576;12;16;SATA;2;480;;;;;;;0;505;1;1;4;4;;;;;;;;;;;;99;0;1;;999;Сервер х86;Куратор не присвоен;0;Computer
Серверное оборудование;Сервер x86;;;ЕОИ;Аквариус;Аквариус  T50 D110СF;2220630002103-0021;;9900-01-001638 СУЭ;;;1;Маш. зал 2;9907(2RF23.03);г Городец, ул Речников, д14;ЦОКР;;;Используется;КК;;;ФКУ0091/03/2022/ЭЦИ;Сервер ЕОИ № 2 Тип 3;05.09.2027;05.09.2027;2022;;;;;;;;;;2400;2;48;1;1048576;12;16;SATA;2;480;;;;;;;0;505;1;1;4;4;;;;;;;;;;;;99;0;1;;999;Сервер х86;Куратор не присвоен;0;Computer
Серверное оборудование;Сервер x86;;;ЕОИ;Аквариус;Аквариус  T50 D110СF;2220630002103-0022;;9900-01-001639 СУЭ;;;1;Маш. зал 2;9907(2RF23.05);г Городец, ул Речников, д14;ЦОКР;;;Используется;КК;;;ФКУ0091/03/2022/ЭЦИ;Сервер ЕОИ № 2 Тип 3;05.09.2027;05.09.2027;2022;;;;;;;;;;2400;2;48;1;1048576;12;16;SATA;2;480;;;;;;;0;505;1;1;4;4;;;;;;;;;;;;99;0;1;;999;Сервер х86;Куратор не присвоен;0;Computer
Серверное оборудование;Сервер x86;;;ЕОИ;Аквариус;Аквариус  T50 D110СF;2220630002103-0023;;9900-01-001640 СУЭ;;;1;Маш. зал 2;9907(2RF23.08);г Городец, ул Речников, д14;ЦОКР;;;Используется;КК;;;ФКУ0091/03/2022/ЭЦИ;Сервер ЕОИ № 2 Тип 3;05.09.2027;05.09.2027;2022;;;;;;;;;;2400;2;48;1;1048576;12;16;SATA;2;480;;;;;;;0;505;1;1;4;4;;;;;;;;;;;;99;0;1;;999;Сервер х86;Куратор не присвоен;0;Computer
Серверное оборудование;Сервер x86;;;ЕОИ;Аквариус;Аквариус  T50 D110СF;2220630002103-0024;;9900-01-001641 СУЭ;;;1;Маш. зал 2;9907(2RF23.03);г Городец, ул Речников, д14;ЦОКР;;;Используется;КК;;;ФКУ0091/03/2022/ЭЦИ;Сервер ЕОИ № 2 Тип 3;05.09.2027;05.09.2027;2022;;;;;;;;;;2400;2;48;1;1048576;12;16;SATA;2;480;;;;;;;0;505;1;1;4;4;;;;;;;;;;;;99;0;1;;999;Сервер х86;Куратор не присвоен;0;Computer
Серверное оборудование;Сервер x86;;;ЕОИ;Аквариус;Аквариус  T50 D110СF;2220630002103-0025;;9900-01-001642 СУЭ;;;1;Маш. зал 2;9907(2RF23.08);г Городец, ул Речников, д14;ЦОКР;;;Используется;КК;;;ФКУ0091/03/2022/ЭЦИ;Сервер ЕОИ № 2 Тип 3;05.09.2027;05.09.2027;2022;;;;;;;;;;2400;2;48;1;1048576;12;16;SATA;2;480;;;;;;;0;505;1;1;4;4;;;;;;;;;;;;99;0;1;;999;Сервер х86;Куратор не присвоен;0;Computer
Серверное оборудование;Сервер x86;;;ЕОИ;Аквариус;Аквариус  T50 D110СF;2220630002103-0027;;9900-01-001643 СУЭ;;;1;Маш. зал 2;9907(2RF23.04);г Городец, ул Речников, д14;ЦОКР;;;Используется;КК;;;ФКУ0091/03/2022/ЭЦИ;Сервер ЕОИ № 2 Тип 3;05.09.2027;05.09.2027;2022;;;;;;;;;;2400;2;48;1;1048576;12;16;SATA;2;480;;;;;;;0;505;1;1;4;4;;;;;;;;;;;;99;0;1;;999;Сервер х86;Куратор не присвоен;0;Computer
Серверное оборудование;Сервер x86;;;ЕОИ;Аквариус;Аквариус  T50 D110СF;2220630002103-0028;;9900-01-001644 СУЭ;;;1;Маш. зал 2;9907(2RF23.05);г Городец, ул Речников, д14;ЦОКР;;;Используется;КК;;;ФКУ0091/03/2022/ЭЦИ;Сервер ЕОИ № 2 Тип 3;05.09.2027;05.09.2027;2022;;;;;;;;;;2400;2;48;1;1048576;12;16;SATA;2;480;;;;;;;0;505;1;1;4;4;;;;;;;;;;;;99;0;1;;999;Сервер х86;Куратор не присвоен;0;Computer
Серверное оборудование;Сервер x86;;;ЕОИ;Аквариус;Аквариус  T50 D110СF;2220630002103-0029;;9900-01-001645 СУЭ;;;1;Маш. зал 2;9907(2RF23.04);г Городец, ул Речников, д14;ЦОКР;;;Используется;КК;;;ФКУ0091/03/2022/ЭЦИ;Сервер ЕОИ № 2 Тип 3;05.09.2027;05.09.2027;2022;;;;;;;;;;2400;2;48;1;1048576;12;16;SATA;2;480;;;;;;;0;505;1;1;4;4;;;;;;;;;;;;99;0;1;;999;Сервер х86;Куратор не присвоен;0;Computer
Серверное оборудование;Сервер x86;;;ЕОИ;Аквариус;Аквариус  T50 D110СF;2220630002103-0003;;9900-01-001646 СУЭ;;;1;Маш. зал 2;9907(2RF23.05);г Городец, ул Речников, д14;ЦОКР;;;Используется;КК;;;ФКУ0091/03/2022/ЭЦИ;Сервер ЕОИ № 2 Тип 3;05.09.2027;05.09.2027;2022;;;;;;;;;;2400;2;48;1;1048576;12;16;SATA;2;480;;;;;;;0;505;1;1;4;4;;;;;;;;;;;;99;0;1;;999;Сервер х86;Куратор не присвоен;0;Computer
Серверное оборудование;Сервер x86;;;ЕОИ;Аквариус;Аквариус  T50 D110СF;2220630002103-0030;;9900-01-001647 СУЭ;;;1;Маш. зал 2;9907(2RF23.03);г Городец, ул Речников, д14;ЦОКР;;;Используется;КК;;;ФКУ0091/03/2022/ЭЦИ;Сервер ЕОИ № 2 Тип 3;05.09.2027;05.09.2027;2022;;;;;;;;;;2400;2;48;1;1048576;12;16;SATA;2;480;;;;;;;0;505;1;1;4;4;;;;;;;;;;;;99;0;1;;999;Сервер х86;Куратор не присвоен;0;Computer
Серверное оборудование;Сервер x86;;;ЕОИ;Аквариус;Аквариус  T50 D110СF;2220630002103-0004;;9900-01-001648 СУЭ;;;1;Маш. зал 2;9907(2RF23.04);г Городец, ул Речников, д14;ЦОКР;;;Используется;КК;;;ФКУ0091/03/2022/ЭЦИ;Сервер ЕОИ № 2 Тип 3;05.09.2027;05.09.2027;2022;;;;;;;;;;2400;2;48;1;1048576;12;16;SATA;2;480;;;;;;;0;505;1;1;4;4;;;;;;;;;;;;99;0;1;;999;Сервер х86;Куратор не присвоен;0;Computer
Серверное оборудование;Сервер x86;;;ЕОИ;Аквариус;Аквариус  T50 D110СF;2220630002103-0040;;9900-01-001649 СУЭ;;;1;Маш. зал 2;9907(2RF23.03);г Городец, ул Речников, д14;ЦОКР;;;Используется;КК;;;ФКУ0091/03/2022/ЭЦИ;Сервер ЕОИ № 2 Тип 3;05.09.2027;05.09.2027;2022;;;;;;;;;;2400;2;48;1;1048576;12;16;SATA;2;480;;;;;;;0;505;1;1;4;4;;;;;;;;;;;;99;0;1;;999;Сервер х86;Куратор не присвоен;0;Computer
Серверное оборудование;Сервер x86;;;ЕОИ;Аквариус;Аквариус  T50 D110СF;2220630002103-0041;;9900-01-001650 СУЭ;;;1;Маш. зал 2;9907(2RF23.05);г Городец, ул Речников, д14;ЦОКР;;;Используется;КК;;;ФКУ0091/03/2022/ЭЦИ;Сервер ЕОИ № 2 Тип 3;05.09.2027;05.09.2027;2022;;;;;;;;;;2400;2;48;1;1048576;12;16;SATA;2;480;;;;;;;0;505;1;1;4;4;;;;;;;;;;;;99;0;1;;999;Сервер х86;Куратор не присвоен;0;Computer
Серверное оборудование;Сервер x86;;;ЕОИ;Аквариус;Аквариус  T50 D110СF;2220630002103-0043;;9900-01-001651 СУЭ;;;1;Маш. зал 2;9907(2RF23.04);г Городец, ул Речников, д14;ЦОКР;;;Используется;КК;;;ФКУ0091/03/2022/ЭЦИ;Сервер ЕОИ № 2 Тип 3;05.09.2027;05.09.2027;2022;;;;;;;;;;2400;2;48;1;1048576;12;16;SATA;2;480;;;;;;;0;505;1;1;4;4;;;;;;;;;;;;99;0;1;;999;Сервер х86;Куратор не присвоен;0;Computer
Серверное оборудование;Сервер x86;;;ЕОИ;Аквариус;Аквариус  T50 D110СF;2220630002103-0048;;9900-01-001652 СУЭ;;;1;Маш. зал 2;9907(2RF23.05);г Городец, ул Речников, д14;ЦОКР;;;Используется;КК;;;ФКУ0091/03/2022/ЭЦИ;Сервер ЕОИ № 2 Тип 3;05.09.2027;05.09.2027;2022;;;;;;;;;;2400;2;48;1;1048576;12;16;SATA;2;480;;;;;;;0;505;1;1;4;4;;;;;;;;;;;;99;0;1;;999;Сервер х86;Куратор не присвоен;0;Computer
Серверное оборудование;Сервер x86;;;ЕОИ;Аквариус;Аквариус  T50 D110СF;2220630002103-0049;;9900-01-001653 СУЭ;;;1;Маш. зал 2;9907(2RF23.05);г Городец, ул Речников, д14;ЦОКР;;;Используется;КК;;;ФКУ0091/03/2022/ЭЦИ;Сервер ЕОИ № 2 Тип 3;05.09.2027;05.09.2027;2022;;;;;;;;;;2400;2;48;1;1048576;12;16;SATA;2;480;;;;;;;0;505;1;1;4;4;;;;;;;;;;;;99;0;1;;999;Сервер х86;Куратор не присвоен;0;Computer
Серверное оборудование;Сервер x86;;;ЕОИ;Аквариус;Аквариус  T50 D110СF;2220630002103-0005;;9900-01-001654 СУЭ;;;1;Маш. зал 2;9907(2RF23.03);г Городец, ул Речников, д14;ЦОКР;;;Используется;КК;;;ФКУ0091/03/2022/ЭЦИ;Сервер ЕОИ № 2 Тип 3;05.09.2027;05.09.2027;2022;;;;;;;;;;2400;2;48;1;1048576;12;16;SATA;2;480;;;;;;;0;505;1;1;4;4;;;;;;;;;;;;99;0;1;;999;Сервер х86;Куратор не присвоен;0;Computer
Серверное оборудование;Сервер x86;;;ЕОИ;Аквариус;Аквариус  T50 D110СF;2220630002103-0050;;9900-01-001655 СУЭ;;;1;Маш. зал 2;9907(2RF23.08);г Городец, ул Речников, д14;ЦОКР;;;Используется;КК;;;ФКУ0091/03/2022/ЭЦИ;Сервер ЕОИ № 2 Тип 3;05.09.2027;05.09.2027;2022;;;;;;;;;;2400;2;48;1;1048576;12;16;SATA;2;480;;;;;;;0;505;1;1;4;4;;;;;;;;;;;;99;0;1;;999;Сервер х86;Куратор не присвоен;0;Computer
Серверное оборудование;Сервер x86;;;ЕОИ;Аквариус;Аквариус  T50 D110СF;2220630002103-0051;;9900-01-001656 СУЭ;;;1;Маш. зал 2;9907(2RF23.08);г Городец, ул Речников, д14;ЦОКР;;;Используется;КК;;;ФКУ0091/03/2022/ЭЦИ;Сервер ЕОИ № 2 Тип 3;05.09.2027;05.09.2027;2022;;;;;;;;;;2400;2;48;1;1048576;12;16;SATA;2;480;;;;;;;0;505;1;1;4;4;;;;;;;;;;;;99;0;1;;999;Сервер х86;Куратор не присвоен;0;Computer
Серверное оборудование;Сервер x86;;;ЕОИ;Аквариус;Аквариус  T50 D110СF;2220630002103-0052;;9900-01-001657 СУЭ;;;1;Маш. зал 2;9907(2RF23.07);г Городец, ул Речников, д14;ЦОКР;;;Используется;КК;;;ФКУ0091/03/2022/ЭЦИ;Сервер ЕОИ № 2 Тип 3;05.09.2027;05.09.2027;2022;;;;;;;;;;2400;2;48;1;1048576;12;16;SATA;2;480;;;;;;;0;505;1;1;4;4;;;;;;;;;;;;99;0;1;;999;Сервер х86;Куратор не присвоен;0;Computer
Серверное оборудование;Сервер x86;;;ЕОИ;Аквариус;Аквариус  T50 D110СF;2220630002103-0053;;9900-01-001658 СУЭ;;;1;Маш. зал 2;9907(2RF23.08);г Городец, ул Речников, д14;ЦОКР;;;Используется;КК;;;ФКУ0091/03/2022/ЭЦИ;Сервер ЕОИ № 2 Тип 3;05.09.2027;05.09.2027;2022;;;;;;;;;;2400;2;48;1;1048576;12;16;SATA;2;480;;;;;;;0;505;1;1;4;4;;;;;;;;;;;;99;0;1;;999;Сервер х86;Куратор не присвоен;0;Computer
Серверное оборудование;Сервер x86;;;ЕОИ;Аквариус;Аквариус  T50 D110СF;2220630002103-0054;;9900-01-001659 СУЭ;;;1;Маш. зал 2;9907(2RF23.08);г Городец, ул Речников, д14;ЦОКР;;;Используется;КК;;;ФКУ0091/03/2022/ЭЦИ;Сервер ЕОИ № 2 Тип 3;05.09.2027;05.09.2027;2022;;;;;;;;;;2400;2;48;1;1048576;12;16;SATA;2;480;;;;;;;0;505;1;1;4;4;;;;;;;;;;;;99;0;1;;999;Сервер х86;Куратор не присвоен;0;Computer
Серверное оборудование;Сервер x86;;;ЕОИ;Аквариус;Аквариус  T50 D110СF;2220630002103-0055;;9900-01-001660 СУЭ;;;1;Маш. зал 2;9907(2RF23.03);г Городец, ул Речников, д14;ЦОКР;;;Используется;КК;;;ФКУ0091/03/2022/ЭЦИ;Сервер ЕОИ № 2 Тип 3;05.09.2027;05.09.2027;2022;;;;;;;;;;2400;2;48;1;1048576;12;16;SATA;2;480;;;;;;;0;505;1;1;4;4;;;;;;;;;;;;99;0;1;;999;Сервер х86;Куратор не присвоен;0;Computer
Серверное оборудование;Сервер x86;;;ЕОИ;Аквариус;Аквариус  T50 D110СF;2220630002103-0056;;9900-01-001661 СУЭ;;;1;Маш. зал 2;9907(2RF23.07);г Городец, ул Речников, д14;ЦОКР;;;Используется;КК;;;ФКУ0091/03/2022/ЭЦИ;Сервер ЕОИ № 2 Тип 3;05.09.2027;05.09.2027;2022;;;;;;;;;;2400;2;48;1;1048576;12;16;SATA;2;480;;;;;;;0;505;1;1;4;4;;;;;;;;;;;;99;0;1;;999;Сервер х86;Куратор не присвоен;0;Computer
Серверное оборудование;Сервер x86;;;ЕОИ;Аквариус;Аквариус  T50 D110СF;2220630002103-0057;;9900-01-001662 СУЭ;;;1;Маш. зал 2;9907(2RF23.07);г Городец, ул Речников, д14;ЦОКР;;;Используется;КК;;;ФКУ0091/03/2022/ЭЦИ;Сервер ЕОИ № 2 Тип 3;05.09.2027;05.09.2027;2022;;;;;;;;;;2400;2;48;1;1048576;12;16;SATA;2;480;;;;;;;0;505;1;1;4;4;;;;;;;;;;;;99;0;1;;999;Сервер х86;Куратор не присвоен;0;Computer
Серверное оборудование;Сервер x86;;;ЕОИ;Аквариус;Аквариус  T50 D110СF;2220630002103-0058;;9900-01-001663 СУЭ;;;1;Маш. зал 2;9907(2RF23.04);г Городец, ул Речников, д14;ЦОКР;;;Используется;КК;;;ФКУ0091/03/2022/ЭЦИ;Сервер ЕОИ № 2 Тип 3;05.09.2027;05.09.2027;2022;;;;;;;;;;2400;2;48;1;1048576;12;16;SATA;2;480;;;;;;;0;505;1;1;4;4;;;;;;;;;;;;99;0;1;;999;Сервер х86;Куратор не присвоен;0;Computer
Серверное оборудование;Сервер x86;;;ЕОИ;Аквариус;Аквариус  T50 D110СF;2220630002103-0059;;9900-01-001664 СУЭ;;;1;Маш. зал 2;9907(2RF23.07);г Городец, ул Речников, д14;ЦОКР;;;Используется;КК;;;ФКУ0091/03/2022/ЭЦИ;Сервер ЕОИ № 2 Тип 3;05.09.2027;05.09.2027;2022;;;;;;;;;;2400;2;48;1;1048576;12;16;SATA;2;480;;;;;;;0;505;1;1;4;4;;;;;;;;;;;;99;0;1;;999;Сервер х86;Куратор не присвоен;0;Computer
Серверное оборудование;Сервер x86;;;ЕОИ;Аквариус;Аквариус  T50 D110СF;2220630002103-0006;;9900-01-001665 СУЭ;;;1;Маш. зал 2;9907(2RF23.07);г Городец, ул Речников, д14;ЦОКР;;;Используется;КК;;;ФКУ0091/03/2022/ЭЦИ;Сервер ЕОИ № 2 Тип 3;05.09.2027;05.09.2027;2022;;;;;;;;;;2400;2;48;1;1048576;12;16;SATA;2;480;;;;;;;0;505;1;1;4;4;;;;;;;;;;;;99;0;1;;999;Сервер х86;Куратор не присвоен;0;Computer
Серверное оборудование;Сервер x86;;;ЕОИ;Аквариус;Аквариус  T50 D110СF;2220630002103-0007;;9900-01-001666 СУЭ;;;1;Маш. зал 2;9907(2RF23.08);г Городец, ул Речников, д14;ЦОКР;;;Используется;КК;;;ФКУ0091/03/2022/ЭЦИ;Сервер ЕОИ № 2 Тип 3;05.09.2027;05.09.2027;2022;;;;;;;;;;2400;2;48;1;1048576;12;16;SATA;2;480;;;;;;;0;505;1;1;4;4;;;;;;;;;;;;99;0;1;;999;Сервер х86;Куратор не присвоен;0;Computer
Серверное оборудование;Сервер x86;;;ЕОИ;Аквариус;Аквариус  T50 D110СF;2220630002103-0008;;9900-01-001667 СУЭ;;;1;Маш. зал 2;9907(2RF23.08);г Городец, ул Речников, д14;ЦОКР;;;Используется;КК;;;ФКУ0091/03/2022/ЭЦИ;Сервер ЕОИ № 2 Тип 3;05.09.2027;05.09.2027;2022;;;;;;;;;;2400;2;48;1;1048576;12;16;SATA;2;480;;;;;;;0;505;1;1;4;4;;;;;;;;;;;;99;0;1;;999;Сервер х86;Куратор не присвоен;0;Computer
Серверное оборудование;Сервер x86;;;ЕОИ;Аквариус;Аквариус  T50 D110СF;2220630002103-0009;;9900-01-001668 СУЭ;;;1;Маш. зал 2;9907(2RF23.04);г Городец, ул Речников, д14;ЦОКР;;;Используется;КК;;;ФКУ0091/03/2022/ЭЦИ;Сервер ЕОИ № 2 Тип 3;05.09.2027;05.09.2027;2022;;;;;;;;;;2400;2;48;1;1048576;12;16;SATA;2;480;;;;;;;0;505;1;1;4;4;;;;;;;;;;;;99;0;1;;999;Сервер х86;Куратор не присвоен;0;Computer
Серверное оборудование;Сервер x86;;;ЕОИ;Аквариус;Аквариус  T50 D110СF;2220627002101-0001;;9900-01-001669 СУЭ;;;1;166;Пом. 166;г. Дубна, ул. Технологическая, д. 2;ЦОКР;;;На складе;;;;ФКУ0091/03/2022/ЭЦИ;Сервер ЕОИ № 2 Тип 3;05.09.2027;05.09.2027;2022;;;;;;;;;;2400;2;48;1;1048576;12;16;SATA;2;480;;;;;;;0;505;1;1;4;4;;;;;;;;;;;;99;0;1;;999;Сервер х86;Куратор не присвоен;FKIndefined_для миграции;Computer
Серверное оборудование;Сервер x86;;;ЕОИ;Аквариус;Аквариус  T50 D110СF;2220627002101-0002;;9900-01-001670 СУЭ;;;1;166;Пом. 166;г. Дубна, ул. Технологическая, д. 2;ЦОКР;;;На складе;;;;ФКУ0091/03/2022/ЭЦИ;Сервер ЕОИ № 2 Тип 3;05.09.2027;05.09.2027;2022;;;;;;;;;;2400;2;48;1;1048576;12;16;SATA;2;480;;;;;;;0;505;1;1;4;4;;;;;;;;;;;;99;0;1;;999;Сервер х86;Куратор не присвоен;FKIndefined_для миграции;Computer
Серверное оборудование;Сервер x86;;;ЕОИ;Аквариус;Аквариус  T50 D110СF;2220627002101-0003;;9900-01-001671 СУЭ;;;1;166;Пом. 166;г. Дубна, ул. Технологическая, д. 2;ЦОКР;;;На складе;;;;ФКУ0091/03/2022/ЭЦИ;Сервер ЕОИ № 2 Тип 3;05.09.2027;05.09.2027;2022;;;;;;;;;;2400;2;48;1;1048576;12;16;SATA;2;480;;;;;;;0;505;1;1;4;4;;;;;;;;;;;;99;0;1;;999;Сервер х86;Куратор не присвоен;FKIndefined_для миграции;Computer
Серверное оборудование;Сервер x86;;;ЕОИ;Аквариус;Аквариус  T50 D110СF;2220627002101-0004;;9900-01-001672 СУЭ;;;1;166;Пом. 166;г. Дубна, ул. Технологическая, д. 2;ЦОКР;;;На складе;;;;ФКУ0091/03/2022/ЭЦИ;Сервер ЕОИ № 2 Тип 3;05.09.2027;05.09.2027;2022;;;;;;;;;;2400;2;48;1;1048576;12;16;SATA;2;480;;;;;;;0;505;1;1;4;4;;;;;;;;;;;;99;0;1;;999;Сервер х86;Куратор не присвоен;FKIndefined_для миграции;Computer
Серверное оборудование;Сервер x86;;;ЕОИ;Аквариус;Аквариус  T50 D110СF;2220627002101-0005;;9900-01-001673 СУЭ;;;1;166;Пом. 166;г. Дубна, ул. Технологическая, д. 2;ЦОКР;;;На складе;;;;ФКУ0091/03/2022/ЭЦИ;Сервер ЕОИ № 2 Тип 3;05.09.2027;05.09.2027;2022;;;;;;;;;;2400;2;48;1;1048576;12;16;SATA;2;480;;;;;;;0;505;1;1;4;4;;;;;;;;;;;;99;0;1;;999;Сервер х86;Куратор не присвоен;FKIndefined_для миграции;Computer
Серверное оборудование;Сервер x86;;;ЕОИ;Аквариус;Аквариус  T50 D110СF;2220627002101-0006;;9900-01-001674 СУЭ;;;1;166;Пом. 166;г. Дубна, ул. Технологическая, д. 2;ЦОКР;;;На складе;;;;ФКУ0091/03/2022/ЭЦИ;Сервер ЕОИ № 2 Тип 3;05.09.2027;05.09.2027;2022;;;;;;;;;;2400;2;48;1;1048576;12;16;SATA;2;480;;;;;;;0;505;1;1;4;4;;;;;;;;;;;;99;0;1;;999;Сервер х86;Куратор не присвоен;FKIndefined_для миграции;Computer
Серверное оборудование;Сервер x86;;;ЕОИ;Аквариус;Аквариус  T50 D110СF;2220630002103-0045;;9900-01-001675 СУЭ;;;1;166;Пом. 166;г. Дубна, ул. Технологическая, д. 2;ЦОКР;;;На складе;;;;ФКУ0091/03/2022/ЭЦИ;Сервер ЕОИ № 2 Тип 3;05.09.2027;05.09.2027;2022;;;;;;;;;;2400;2;48;1;1048576;12;16;SATA;2;480;;;;;;;0;505;1;1;4;4;;;;;;;;;;;;99;0;1;;999;Сервер х86;Куратор не присвоен;FKIndefined_для миграции;Computer
Серверное оборудование;Сервер x86;;;ЕОИ;Аквариус;Аквариус  T50 D110СF;2220630002103-0046;;9900-01-001676 СУЭ;;;1;166;Пом. 166;г. Дубна, ул. Технологическая, д. 2;ЦОКР;;;На складе;;;;ФКУ0091/03/2022/ЭЦИ;Сервер ЕОИ № 2 Тип 3;05.09.2027;05.09.2027;2022;;;;;;;;;;2400;2;48;1;1048576;12;16;SATA;2;480;;;;;;;0;505;1;1;4;4;;;;;;;;;;;;99;0;1;;999;Сервер х86;Куратор не присвоен;FKIndefined_для миграции;Computer
Серверное оборудование;Сервер x86;;;ЕОИ;Аквариус;Аквариус  T50 D110СF;2220630002103-0047;;9900-01-001677 СУЭ;;;1;166;Пом. 166;г. Дубна, ул. Технологическая, д. 2;ЦОКР;;;На складе;;;;ФКУ0091/03/2022/ЭЦИ;Сервер ЕОИ № 2 Тип 3;05.09.2027;05.09.2027;2022;;;;;;;;;;2400;2;48;1;1048576;12;16;SATA;2;480;;;;;;;0;505;1;1;4;4;;;;;;;;;;;;99;0;1;;999;Сервер х86;Куратор не присвоен;FKIndefined_для миграции;Computer
Серверное оборудование;Сервер x86;;;ЕОИ;Аквариус;Аквариус  T50 D110СF;2220630002103-0036;;9900-01-001678 СУЭ;;;1;166;Пом. 166;г. Дубна, ул. Технологическая, д. 2;ЦОКР;;;На складе;;;;ФКУ0091/03/2022/ЭЦИ;Сервер ЕОИ № 2 Тип 3;05.09.2027;05.09.2027;2022;;;;;;;;;;2400;2;48;1;1048576;12;16;SATA;2;480;;;;;;;0;505;1;1;4;4;;;;;;;;;;;;99;0;1;;999;Сервер х86;Куратор не присвоен;FKIndefined_для миграции;Computer
Серверное оборудование;Сервер x86;;;ЕОИ;Аквариус;Аквариус  T50 D110СF;2220630002103-0037;;9900-01-001679 СУЭ;;;1;166;Пом. 166;г. Дубна, ул. Технологическая, д. 2;ЦОКР;;;На складе;;;;ФКУ0091/03/2022/ЭЦИ;Сервер ЕОИ № 2 Тип 3;05.09.2027;05.09.2027;2022;;;;;;;;;;2400;2;48;1;1048576;12;16;SATA;2;480;;;;;;;0;505;1;1;4;4;;;;;;;;;;;;99;0;1;;999;Сервер х86;Куратор не присвоен;FKIndefined_для миграции;Computer
Серверное оборудование;Сервер x86;;;ЕОИ;Аквариус;Аквариус  T50 D110СF;2220630002103-0038;;9900-01-001680 СУЭ;;;1;166;Пом. 166;г. Дубна, ул. Технологическая, д. 2;ЦОКР;;;На складе;;;;ФКУ0091/03/2022/ЭЦИ;Сервер ЕОИ № 2 Тип 3;05.09.2027;05.09.2027;2022;;;;;;;;;;2400;2;48;1;1048576;12;16;SATA;2;480;;;;;;;0;505;1;1;4;4;;;;;;;;;;;;99;0;1;;999;Сервер х86;Куратор не присвоен;FKIndefined_для миграции;Computer
Серверное оборудование;Сервер x86;;;ЕОИ;Аквариус;Аквариус  T50 D110СF;2220630002103-0039;;9900-01-001681 СУЭ;;;1;166;Пом. 166;г. Дубна, ул. Технологическая, д. 2;ЦОКР;;;На складе;;;;ФКУ0091/03/2022/ЭЦИ;Сервер ЕОИ № 2 Тип 3;05.09.2027;05.09.2027;2022;;;;;;;;;;2400;2;48;1;1048576;12;16;SATA;2;480;;;;;;;0;505;1;1;4;4;;;;;;;;;;;;99;0;1;;999;Сервер х86;Куратор не присвоен;FKIndefined_для миграции;Computer
Серверное оборудование;Сервер x86;;;ЕОИ;Аквариус;Аквариус  T50 D110СF;2220630002103-0042;;9900-01-001682 СУЭ;;;1;166;Пом. 166;г. Дубна, ул. Технологическая, д. 2;ЦОКР;;;На складе;;;;ФКУ0091/03/2022/ЭЦИ;Сервер ЕОИ № 2 Тип 3;05.09.2027;05.09.2027;2022;;;;;;;;;;2400;2;48;1;1048576;12;16;SATA;2;480;;;;;;;0;505;1;1;4;4;;;;;;;;;;;;99;0;1;;999;Сервер х86;Куратор не присвоен;FKIndefined_для миграции;Computer
Серверное оборудование;Сервер x86;;;ЕОИ;Аквариус;Аквариус  T50 D110СF;2220630002103-0044;;9900-01-001683 СУЭ;;;1;166;Пом. 166;г. Дубна, ул. Технологическая, д. 2;ЦОКР;;;На складе;;;;ФКУ0091/03/2022/ЭЦИ;Сервер ЕОИ № 2 Тип 3;05.09.2027;05.09.2027;2022;;;;;;;;;;2400;2;48;1;1048576;12;16;SATA;2;480;;;;;;;0;505;1;1;4;4;;;;;;;;;;;;99;0;1;;999;Сервер х86;Куратор не присвоен;FKIndefined_для миграции;Computer
Серверное оборудование;Сервер x86;;;ЕОИ;Аквариус;Аквариус  T50 D110СF;2220630002103-0026;;9900-01-001684 СУЭ;;;1;166;Пом. 166;г. Дубна, ул. Технологическая, д. 2;ЦОКР;;;На складе;;;;ФКУ0091/03/2022/ЭЦИ;Сервер ЕОИ № 2 Тип 3;05.09.2027;05.09.2027;2022;;;;;;;;;;2400;2;48;1;1048576;12;16;SATA;2;480;;;;;;;0;505;1;1;4;4;;;;;;;;;;;;99;0;1;;999;Сервер х86;Куратор не присвоен;FKIndefined_для миграции;Computer
Серверное оборудование;Сервер x86;;;ЕОИ;Аквариус;Аквариус  T50 D110СF;2220630002103-0031;;9900-01-001685 СУЭ;;;1;166;Пом. 166;г. Дубна, ул. Технологическая, д. 2;ЦОКР;;;На складе;;;;ФКУ0091/03/2022/ЭЦИ;Сервер ЕОИ № 2 Тип 3;05.09.2027;05.09.2027;2022;;;;;;;;;;2400;2;48;1;1048576;12;16;SATA;2;480;;;;;;;0;505;1;1;4;4;;;;;;;;;;;;99;0;1;;999;Сервер х86;Куратор не присвоен;FKIndefined_для миграции;Computer
Серверное оборудование;Сервер x86;;;ЕОИ;Аквариус;Аквариус  T50 D110СF;2220630002103-0032;;9900-01-001686 СУЭ;;;1;166;Пом. 166;г. Дубна, ул. Технологическая, д. 2;ЦОКР;;;На складе;;;;ФКУ0091/03/2022/ЭЦИ;Сервер ЕОИ № 2 Тип 3;05.09.2027;05.09.2027;2022;;;;;;;;;;2400;2;48;1;1048576;12;16;SATA;2;480;;;;;;;0;505;1;1;4;4;;;;;;;;;;;;99;0;1;;999;Сервер х86;Куратор не присвоен;FKIndefined_для миграции;Computer
Серверное оборудование;Сервер x86;;;ЕОИ;Аквариус;Аквариус  T50 D110СF;2220630002103-0033;;9900-01-001687 СУЭ;;;1;166;Пом. 166;г. Дубна, ул. Технологическая, д. 2;ЦОКР;;;На складе;;;;ФКУ0091/03/2022/ЭЦИ;Сервер ЕОИ № 2 Тип 3;05.09.2027;05.09.2027;2022;;;;;;;;;;2400;2;48;1;1048576;12;16;SATA;2;480;;;;;;;0;505;1;1;4;4;;;;;;;;;;;;99;0;1;;999;Сервер х86;Куратор не присвоен;FKIndefined_для миграции;Computer
Серверное оборудование;Сервер x86;;;ЕОИ;Аквариус;Аквариус  T50 D110СF;2220630002103-0034;;9900-01-001688 СУЭ;;;1;166;Пом. 166;г. Дубна, ул. Технологическая, д. 2;ЦОКР;;;На складе;;;;ФКУ0091/03/2022/ЭЦИ;Сервер ЕОИ № 2 Тип 3;05.09.2027;05.09.2027;2022;;;;;;;;;;2400;2;48;1;1048576;12;16;SATA;2;480;;;;;;;0;505;1;1;4;4;;;;;;;;;;;;99;0;1;;999;Сервер х86;Куратор не присвоен;FKIndefined_для миграции;Computer
Серверное оборудование;Сервер x86;;;ЕОИ;Аквариус;Аквариус  T50 D110СF;2220630002103-0035;;9900-01-001689 СУЭ;;;1;166;Пом. 166;г. Дубна, ул. Технологическая, д. 2;ЦОКР;;;На складе;;;;ФКУ0091/03/2022/ЭЦИ;Сервер ЕОИ № 2 Тип 3;05.09.2027;05.09.2027;2022;;;;;;;;;;2400;2;48;1;1048576;12;16;SATA;2;480;;;;;;;0;505;1;1;4;4;;;;;;;;;;;;99;0;1;;999;Сервер х86;Куратор не присвоен;FKIndefined_для миграции;Computer
Серверное оборудование;Сервер x86;;;ЕОИ;Аквариус;Аквариус  T50 D110СF;2220627002101-0025;;9900-01-001690 СУЭ;;;1;166;Пом. 166;г. Дубна, ул. Технологическая, д. 2;ЦОКР;;;На складе;;;;ФКУ0091/03/2022/ЭЦИ;Сервер ЕОИ № 2 Тип 3;05.09.2027;05.09.2027;2022;;;;;;;;;;2400;2;48;1;1048576;12;16;SATA;2;480;;;;;;;0;505;1;1;4;4;;;;;;;;;;;;99;0;1;;999;Сервер х86;Куратор не присвоен;FKIndefined_для миграции;Computer
Серверное оборудование;Сервер x86;;;ЕОИ;Аквариус;Аквариус  T50 D110СF;2220627002101-0026;;9900-01-001691 СУЭ;;;1;166;Пом. 166;г. Дубна, ул. Технологическая, д. 2;ЦОКР;;;На складе;;;;ФКУ0091/03/2022/ЭЦИ;Сервер ЕОИ № 2 Тип 3;05.09.2027;05.09.2027;2022;;;;;;;;;;2400;2;48;1;1048576;12;16;SATA;2;480;;;;;;;0;505;1;1;4;4;;;;;;;;;;;;99;0;1;;999;Сервер х86;Куратор не присвоен;FKIndefined_для миграции;Computer
Серверное оборудование;Сервер x86;;;ЕОИ;Аквариус;Аквариус  T50 D110СF;2220630002103-0001;;9900-01-001692 СУЭ;;;1;166;Пом. 166;г. Дубна, ул. Технологическая, д. 2;ЦОКР;;;На складе;;;;ФКУ0091/03/2022/ЭЦИ;Сервер ЕОИ № 2 Тип 3;05.09.2027;05.09.2027;2022;;;;;;;;;;2400;2;48;1;1048576;12;16;SATA;2;480;;;;;;;0;505;1;1;4;4;;;;;;;;;;;;99;0;1;;999;Сервер х86;Куратор не присвоен;FKIndefined_для миграции;Computer
Серверное оборудование;Сервер x86;;;ЕОИ;Аквариус;Аквариус  T50 D110СF;2220630002103-0002;;9900-01-001693 СУЭ;;;1;166;Пом. 166;г. Дубна, ул. Технологическая, д. 2;ЦОКР;;;На складе;;;;ФКУ0091/03/2022/ЭЦИ;Сервер ЕОИ № 2 Тип 3;05.09.2027;05.09.2027;2022;;;;;;;;;;2400;2;48;1;1048576;12;16;SATA;2;480;;;;;;;0;505;1;1;4;4;;;;;;;;;;;;99;0;1;;999;Сервер х86;Куратор не присвоен;FKIndefined_для миграции;Computer
Серверное оборудование;Сервер x86;;;ЕОИ;Аквариус;Аквариус  T50 D110СF;2220630002103-0011;;9900-01-001694 СУЭ;;;1;166;Пом. 166;г. Дубна, ул. Технологическая, д. 2;ЦОКР;;;На складе;;;;ФКУ0091/03/2022/ЭЦИ;Сервер ЕОИ № 2 Тип 3;05.09.2027;05.09.2027;2022;;;;;;;;;;2400;2;48;1;1048576;12;16;SATA;2;480;;;;;;;0;505;1;1;4;4;;;;;;;;;;;;99;0;1;;999;Сервер х86;Куратор не присвоен;FKIndefined_для миграции;Computer
Серверное оборудование;Сервер x86;;;ЕОИ;Аквариус;Аквариус  T50 D110СF;2220630002103-0020;;9900-01-001695 СУЭ;;;1;166;Пом. 166;г. Дубна, ул. Технологическая, д. 2;ЦОКР;;;На складе;;;;ФКУ0091/03/2022/ЭЦИ;Сервер ЕОИ № 2 Тип 3;05.09.2027;05.09.2027;2022;;;;;;;;;;2400;2;48;1;1048576;12;16;SATA;2;480;;;;;;;0;505;1;1;4;4;;;;;;;;;;;;99;0;1;;999;Сервер х86;Куратор не присвоен;FKIndefined_для миграции;Computer
Серверное оборудование;Сервер x86;;;ЕОИ;Аквариус;Аквариус  T50 D110СF;2220627002101-0019;;9900-01-001696 СУЭ;;;1;166;Пом. 166;г. Дубна, ул. Технологическая, д. 2;ЦОКР;;;На складе;;;;ФКУ0091/03/2022/ЭЦИ;Сервер ЕОИ № 2 Тип 3;05.09.2027;05.09.2027;2022;;;;;;;;;;2400;2;48;1;1048576;12;16;SATA;2;480;;;;;;;0;505;1;1;4;4;;;;;;;;;;;;99;0;1;;999;Сервер х86;Куратор не присвоен;FKIndefined_для миграции;Computer
Серверное оборудование;Сервер x86;;;ЕОИ;Аквариус;Аквариус  T50 D110СF;2220627002101-0020;;9900-01-001697 СУЭ;;;1;166;Пом. 166;г. Дубна, ул. Технологическая, д. 2;ЦОКР;;;На складе;;;;ФКУ0091/03/2022/ЭЦИ;Сервер ЕОИ № 2 Тип 3;05.09.2027;05.09.2027;2022;;;;;;;;;;2400;2;48;1;1048576;12;16;SATA;2;480;;;;;;;0;505;1;1;4;4;;;;;;;;;;;;99;0;1;;999;Сервер х86;Куратор не присвоен;FKIndefined_для миграции;Computer
Серверное оборудование;Сервер x86;;;ЕОИ;Аквариус;Аквариус  T50 D110СF;2220627002101-0021;;9900-01-001698 СУЭ;;;1;166;Пом. 166;г. Дубна, ул. Технологическая, д. 2;ЦОКР;;;На складе;;;;ФКУ0091/03/2022/ЭЦИ;Сервер ЕОИ № 2 Тип 3;05.09.2027;05.09.2027;2022;;;;;;;;;;2400;2;48;1;1048576;12;16;SATA;2;480;;;;;;;0;505;1;1;4;4;;;;;;;;;;;;99;0;1;;999;Сервер х86;Куратор не присвоен;FKIndefined_для миграции;Computer
Серверное оборудование;Сервер x86;;;ЕОИ;Аквариус;Аквариус  T50 D110СF;2220627002101-0022;;9900-01-001699 СУЭ;;;1;166;Пом. 166;г. Дубна, ул. Технологическая, д. 2;ЦОКР;;;На складе;;;;ФКУ0091/03/2022/ЭЦИ;Сервер ЕОИ № 2 Тип 3;05.09.2027;05.09.2027;2022;;;;;;;;;;2400;2;48;1;1048576;12;16;SATA;2;480;;;;;;;0;505;1;1;4;4;;;;;;;;;;;;99;0;1;;999;Сервер х86;Куратор не присвоен;FKIndefined_для миграции;Computer
Серверное оборудование;Сервер x86;;;ЕОИ;Аквариус;Аквариус  T50 D110СF;2220627002101-0023;;9900-01-001700 СУЭ;;;1;166;Пом. 166;г. Дубна, ул. Технологическая, д. 2;ЦОКР;;;На складе;;;;ФКУ0091/03/2022/ЭЦИ;Сервер ЕОИ № 2 Тип 3;05.09.2027;05.09.2027;2022;;;;;;;;;;2400;2;48;1;1048576;12;16;SATA;2;480;;;;;;;0;505;1;1;4;4;;;;;;;;;;;;99;0;1;;999;Сервер х86;Куратор не присвоен;FKIndefined_для миграции;Computer
Серверное оборудование;Сервер x86;;;ЕОИ;Аквариус;Аквариус  T50 D110СF;2220627002101-0024;;9900-01-001701 СУЭ;;;1;166;Пом. 166;г. Дубна, ул. Технологическая, д. 2;ЦОКР;;;На складе;;;;ФКУ0091/03/2022/ЭЦИ;Сервер ЕОИ № 2 Тип 3;05.09.2027;05.09.2027;2022;;;;;;;;;;2400;2;48;1;1048576;12;16;SATA;2;480;;;;;;;0;505;1;1;4;4;;;;;;;;;;;;99;0;1;;999;Сервер х86;Куратор не присвоен;FKIndefined_для миграции;Computer
Серверное оборудование;Сервер x86;;;ЕОИ;Аквариус;Аквариус  T50 D110СF;2220627002101-0013;;9900-01-001702 СУЭ;;;1;166;Пом. 166;г. Дубна, ул. Технологическая, д. 2;ЦОКР;;;На складе;;;;ФКУ0091/03/2022/ЭЦИ;Сервер ЕОИ № 2 Тип 3;05.09.2027;05.09.2027;2022;;;;;;;;;;2400;2;48;1;1048576;12;16;SATA;2;480;;;;;;;0;505;1;1;4;4;;;;;;;;;;;;99;0;1;;999;Сервер х86;Куратор не присвоен;FKIndefined_для миграции;Computer
Серверное оборудование;Сервер x86;;;ЕОИ;Аквариус;Аквариус  T50 D110СF;2220627002101-0014;;9900-01-001703 СУЭ;;;1;166;Пом. 166;г. Дубна, ул. Технологическая, д. 2;ЦОКР;;;На складе;;;;ФКУ0091/03/2022/ЭЦИ;Сервер ЕОИ № 2 Тип 3;05.09.2027;05.09.2027;2022;;;;;;;;;;2400;2;48;1;1048576;12;16;SATA;2;480;;;;;;;0;505;1;1;4;4;;;;;;;;;;;;99;0;1;;999;Сервер х86;Куратор не присвоен;FKIndefined_для миграции;Computer
Серверное оборудование;Сервер x86;;;ЕОИ;Аквариус;Аквариус  T50 D110СF;2220627002101-0015;;9900-01-001704 СУЭ;;;1;166;Пом. 166;г. Дубна, ул. Технологическая, д. 2;ЦОКР;;;На складе;;;;ФКУ0091/03/2022/ЭЦИ;Сервер ЕОИ № 2 Тип 3;05.09.2027;05.09.2027;2022;;;;;;;;;;2400;2;48;1;1048576;12;16;SATA;2;480;;;;;;;0;505;1;1;4;4;;;;;;;;;;;;99;0;1;;999;Сервер х86;Куратор не присвоен;FKIndefined_для миграции;Computer
Серверное оборудование;Сервер x86;;;ЕОИ;Аквариус;Аквариус  T50 D110СF;2220627002101-0016;;9900-01-001705 СУЭ;;;1;166;Пом. 166;г. Дубна, ул. Технологическая, д. 2;ЦОКР;;;На складе;;;;ФКУ0091/03/2022/ЭЦИ;Сервер ЕОИ № 2 Тип 3;05.09.2027;05.09.2027;2022;;;;;;;;;;2400;2;48;1;1048576;12;16;SATA;2;480;;;;;;;0;505;1;1;4;4;;;;;;;;;;;;99;0;1;;999;Сервер х86;Куратор не присвоен;FKIndefined_для миграции;Computer
Серверное оборудование;Сервер x86;;;ЕОИ;Аквариус;Аквариус  T50 D110СF;2220627002101-0017;;9900-01-001706 СУЭ;;;1;166;Пом. 166;г. Дубна, ул. Технологическая, д. 2;ЦОКР;;;На складе;;;;ФКУ0091/03/2022/ЭЦИ;Сервер ЕОИ № 2 Тип 3;05.09.2027;05.09.2027;2022;;;;;;;;;;2400;2;48;1;1048576;12;16;SATA;2;480;;;;;;;0;505;1;1;4;4;;;;;;;;;;;;99;0;1;;999;Сервер х86;Куратор не присвоен;FKIndefined_для миграции;Computer
Серверное оборудование;Сервер x86;;;ЕОИ;Аквариус;Аквариус  T50 D110СF;2220627002101-0018;;9900-01-001707 СУЭ;;;1;166;Пом. 166;г. Дубна, ул. Технологическая, д. 2;ЦОКР;;;На складе;;;;ФКУ0091/03/2022/ЭЦИ;Сервер ЕОИ № 2 Тип 3;05.09.2027;05.09.2027;2022;;;;;;;;;;2400;2;48;1;1048576;12;16;SATA;2;480;;;;;;;0;505;1;1;4;4;;;;;;;;;;;;99;0;1;;999;Сервер х86;Куратор не присвоен;FKIndefined_для миграции;Computer
Серверное оборудование;Сервер x86;;;ЕОИ;Аквариус;Аквариус  T50 D110СF;2220627002101-0007;;9900-01-001708 СУЭ;;;1;166;Пом. 166;г. Дубна, ул. Технологическая, д. 2;ЦОКР;;;На складе;;;;ФКУ0091/03/2022/ЭЦИ;Сервер ЕОИ № 2 Тип 3;05.09.2027;05.09.2027;2022;;;;;;;;;;2400;2;48;1;1048576;12;16;SATA;2;480;;;;;;;0;505;1;1;4;4;;;;;;;;;;;;99;0;1;;999;Сервер х86;Куратор не присвоен;FKIndefined_для миграции;Computer
Серверное оборудование;Сервер x86;;;ЕОИ;Аквариус;Аквариус  T50 D110СF;2220627002101-0008;;9900-01-001709 СУЭ;;;1;166;Пом. 166;г. Дубна, ул. Технологическая, д. 2;ЦОКР;;;На складе;;;;ФКУ0091/03/2022/ЭЦИ;Сервер ЕОИ № 2 Тип 3;05.09.2027;05.09.2027;2022;;;;;;;;;;2400;2;48;1;1048576;12;16;SATA;2;480;;;;;;;0;505;1;1;4;4;;;;;;;;;;;;99;0;1;;999;Сервер х86;Куратор не присвоен;FKIndefined_для миграции;Computer
Серверное оборудование;Сервер x86;;;ЕОИ;Аквариус;Аквариус  T50 D110СF;2220627002101-0009;;9900-01-001710 СУЭ;;;1;166;Пом. 166;г. Дубна, ул. Технологическая, д. 2;ЦОКР;;;На складе;;;;ФКУ0091/03/2022/ЭЦИ;Сервер ЕОИ № 2 Тип 3;05.09.2027;05.09.2027;2022;;;;;;;;;;2400;2;48;1;1048576;12;16;SATA;2;480;;;;;;;0;505;1;1;4;4;;;;;;;;;;;;99;0;1;;999;Сервер х86;Куратор не присвоен;FKIndefined_для миграции;Computer
Серверное оборудование;Сервер x86;;;ЕОИ;Аквариус;Аквариус  T50 D110СF;2220627002101-0010;;9900-01-001711 СУЭ;;;1;166;Пом. 166;г. Дубна, ул. Технологическая, д. 2;ЦОКР;;;На складе;;;;ФКУ0091/03/2022/ЭЦИ;Сервер ЕОИ № 2 Тип 3;05.09.2027;05.09.2027;2022;;;;;;;;;;2400;2;48;1;1048576;12;16;SATA;2;480;;;;;;;0;505;1;1;4;4;;;;;;;;;;;;99;0;1;;999;Сервер х86;Куратор не присвоен;FKIndefined_для миграции;Computer
Серверное оборудование;Сервер x86;;;ЕОИ;Аквариус;Аквариус  T50 D110СF;2220627002101-0011;;9900-01-001712 СУЭ;;;1;166;Пом. 166;г. Дубна, ул. Технологическая, д. 2;ЦОКР;;;На складе;;;;ФКУ0091/03/2022/ЭЦИ;Сервер ЕОИ № 2 Тип 3;05.09.2027;05.09.2027;2022;;;;;;;;;;2400;2;48;1;1048576;12;16;SATA;2;480;;;;;;;0;505;1;1;4;4;;;;;;;;;;;;99;0;1;;999;Сервер х86;Куратор не присвоен;FKIndefined_для миграции;Computer
Серверное оборудование;Сервер x86;;;ЕОИ;Аквариус;Аквариус  T50 D110СF;2220627002101-0012;;9900-01-001713 СУЭ;;;1;166;Пом. 166;г. Дубна, ул. Технологическая, д. 2;ЦОКР;;;На складе;;;;ФКУ0091/03/2022/ЭЦИ;Сервер ЕОИ № 2 Тип 3;05.09.2027;05.09.2027;2022;;;;;;;;;;2400;2;48;1;1048576;12;16;SATA;2;480;;;;;;;0;505;1;1;4;4;;;;;;;;;;;;99;0;1;;999;Сервер х86;Куратор не присвоен;FKIndefined_для миграции;Computer
